Country Name,2006,2007,2008,2009,2010,2011,2012,2013,2014,2015,2016,2017,2018,2019,2020
Aruba,0.000940949,0.000918692,0.000949223,0.000967668,0.002361284,0.001948056,0.001972589,0.00225777,0.003265236,0.002423296,0.003363897,0.002860261,,,
Africa Eastern and Southern,11.10980076,13.07768823,19.47034585,10.48207754,12.43962923,14.37993528,11.60248041,11.00753434,9.465804285,6.380067148,6.849476158,7.708904183,7.376520665,6.150920062,
Afghanistan,0.50226549,0.449365386,0.611295447,0.418062902,0.609980533,0.879277901,0.702276007,0.54588231,0.544477424,0.495307093,0.677458944,0.696790427,0.915366189,0.773957273,
Africa Western and Central,17.9205237,16.81886869,19.20835436,12.03409703,15.05866066,19.44426088,17.51686553,13.65677947,11.71705805,6.466216105,6.408503051,9.516194869,11.14224227,8.947269344,
Angola,43.49004533,46.27901193,55.85217033,30.73249868,40.14246391,41.15369433,36.22851635,30.81602521,23.67103715,10.80155578,10.85711419,16.45241141,27.42822035,26.19426737,
Albania,1.321831442,1.761086092,1.10999895,0.605979694,1.57450583,3.178895493,3.377276961,2.947406347,3.075781739,1.621620436,1.333386872,1.357555735,1.818064699,1.591731888,
Andorra,0,0,0,0,0,0,0,0,0,0,0,0,0,0,
Arab World,36.65984262,33.49276004,38.24925432,24.91096985,29.27001523,36.3061771,35.29894372,32.20399768,28.51403966,16.91894194,13.9648135,17.9283686,22.72098563,20.18068412,
United Arab Emirates,26.1659372,23.9858608,28.41339857,19.23568093,22.65124301,30.0976913,29.88362697,27.12999506,24.24404646,14.05058311,11.34571449,13.60599291,17.32477033,16.75662049,
Argentina,6.135958797,4.995812922,5.038827371,3.069357206,3.329394894,3.708190851,3.40459291,3.000047416,2.733557678,1.081226358,0.936007816,1.126360021,2.129515087,2.071184086,
Armenia,0.015802557,0.009295978,0.213475225,0.374259981,2.65466288,2.923458164,1.490134089,1.097153902,0.306948917,0.760031512,0.221817709,0.245915928,1.090181063,2.110668897,
American Samoa,0,0,0,0,0,0,0,0,0,0,0,0,0,,
Antigua and Barbuda,0,0,0,0,0,0,0,0,0,0,0,0,0,0,
Australia,5.315977242,6.508260772,8.634399582,5.056301065,8.098652395,8.680602707,5.391204595,5.305817804,4.757327855,3.27865687,4.073667915,5.056164952,5.480415437,5.355855605,
Austria,0.195236488,0.222309602,0.251363163,0.169129336,0.225823693,0.2714783,0.253971115,0.224092162,0.188548745,0.134802777,0.116954332,0.127273078,0.155087806,0.132720137,
Azerbaijan,42.03791099,39.21776129,41.2174798,28.44834562,32.18880618,35.22316043,31.417091,26.98555118,23.03323184,14.56859577,15.36542908,21.08009595,29.2523744,25.46083764,
Burundi,23.94917947,32.35635676,33.04824404,30.33665757,23.8533749,24.98766731,17.52804737,17.49531308,17.44628107,15.53249535,17.04366094,15.98238145,11.32126547,9.212709114,
Belgium,0.017761917,0.019097351,0.018437617,0.017385475,0.019304595,0.019296677,0.018639188,0.019350124,0.020014358,0.019531679,0.020032096,0.016587447,0.018933865,0.01635131,
Benin,3.051472814,3.631712452,3.663523922,3.717822331,3.42233007,3.478769033,3.916430014,3.515618529,3.7046153,4.304299508,4.456240198,4.136675463,2.455665006,2.033434381,
Burkina Faso,6.433447653,7.812924133,8.596970708,9.578453279,11.08609183,13.63583127,12.39207756,10.64952569,10.31090556,11.63285023,12.6165481,12.38951813,8.458797077,4.186709333,
Bangladesh,1.330760407,1.195674929,1.121736569,1.169836819,1.131255835,1.627030488,1.597889172,1.168403922,1.118407145,0.934311292,0.601728069,0.576675407,0.60162958,0.453838329,
Bulgaria,1.857385718,1.707307924,1.961671196,0.707920264,1.70442186,2.188475056,1.646026718,1.123562824,0.790282215,0.65940609,0.535016679,0.760250118,0.706368691,0.396919026,
Bahrain,6.99357572,6.669282521,7.373061106,6.158985406,5.940849921,8.163854546,8.841223302,9.311952763,8.591922786,5.129701491,3.194381525,3.384925052,4.397892075,3.798819671,
"Bahamas, The",0.007401859,0.007864169,0.008815082,0.008625399,0.015294778,0.013281663,0.012326209,0.014526055,0.017725215,0.014446952,0.01728157,0.017470648,0.013031992,0.011269859,
Bosnia and Herzegovina,1.643181084,2.122046419,3.649307483,1.472183903,2.745691524,3.581353026,2.260744613,1.782646423,1.239951392,1.013488849,1.061191162,1.273524233,1.16874725,0.989039913,
Belarus,1.690162355,1.54934508,1.534738229,1.094860881,1.34016837,1.741291732,1.815881039,1.483204749,1.336655453,1.153056425,1.273324545,1.572906632,1.729885198,1.773031832,
Belize,3.246747386,4.211799311,6.196879621,3.723506026,5.353921435,6.94195996,4.836407683,3.55602683,2.647984167,1.208047792,1.048132666,1.345042056,1.719205388,1.522396279,
Bermuda,0,0,0,0,0,0,0,0,0,0,0,0,0,0,
Bolivia,14.49402925,14.77217275,12.47739903,7.203985646,9.332978322,12.76699088,11.38811245,10.74531592,8.829187104,3.767257349,3.324658637,5.717104975,5.725014074,3.887905009,
Brazil,3.891479242,4.112540315,4.755332288,2.37315714,3.658331699,4.259057115,3.81257935,3.787552705,3.2658568,2.386846557,2.421926728,2.858329731,3.808591626,3.465230555,
Barbados,0.436737154,0.370571692,0.48957215,0.268697663,0.374827428,0.549823583,0.540248198,0.50416739,0.450744868,0.184925552,0.137143974,0.211111582,0.31038954,0.270213691,
Brunei Darussalam,35.27313876,27.48601824,28.92093534,23.11556538,23.45035974,29.6620696,26.64196791,22.46210788,22.02380194,19.41882555,15.11846515,17.52815663,25.37993824,22.21259298,
Bhutan,3.393360957,4.302106956,4.202368544,3.535869455,5.305079262,4.922551785,4.222047525,3.426397378,3.418838606,4.028295413,4.448622576,3.359670109,1.998535908,2.195491258,
Botswana,6.304856416,7.161354657,3.890166714,2.220855513,2.079115057,1.860334602,2.173313807,1.347993342,0.875593362,0.740622265,0.721377064,0.800948896,0.756371425,0.657050779,
Central African Republic,10.02769679,9.94663285,11.76283803,8.794977632,7.908126518,8.442391237,9.16089389,12.89708444,11.294765,12.66145709,13.02719792,13.82420515,10.83018287,8.349470145,
Canada,3.855634626,3.657038005,5.00726984,2.02493532,2.250735833,2.967690634,1.803765549,1.911514651,1.660843713,0.334893277,0.785263944,1.270056559,2.121613074,1.895037949,
Central Europe and the Baltics,1.194715943,1.040325097,1.518431919,0.921221864,1.241127845,1.52788311,1.215191855,0.905600883,0.749639726,0.601665207,0.533827089,0.663779722,0.679407701,0.590127279,
Switzerland,0.017215131,0.018973475,0.016503195,0.015094352,0.015437351,0.01290298,0.011496875,0.012331603,0.013472235,0.010788837,0.01120066,0.009808545,0.012821213,0.009367996,
Channel Islands,0,0,,,,,,,,,,,,,
Chile,17.23969,17.04142723,13.82028736,8.734582742,11.92204912,12.11225463,9.067324892,7.612232502,6.850289514,4.02835584,3.192543418,5.324970373,5.79353858,2.300109992,
China,5.504678377,6.376429083,9.70533288,3.986165213,6.299079306,7.677050698,4.15320528,3.025345083,2.3143879,1.182763884,1.047272542,1.332432187,1.467764879,1.255054677,
Cote d'Ivoire,8.148475836,7.631054872,9.749091851,6.281611213,6.786996815,9.404657349,8.951594603,7.28182061,6.323616181,3.29367335,3.414167002,3.615023601,3.424314513,2.482895446,
Cameroon,9.727066713,9.831306432,11.15049142,6.409296386,7.500685495,8.78728135,9.047666298,7.816706995,7.8592266,6.104342717,5.663604618,6.705005964,6.751807078,5.534439006,
"Congo, Dem. Rep.",23.66749045,25.60744406,28.26276816,28.31244378,25.92961769,28.57233016,26.85124766,25.47399868,24.60985091,20.1170171,20.58803642,24.79996132,18.17955909,10.81324537,
"Congo, Rep.",58.65015904,49.57432712,56.93130494,38.01115173,47.00155316,56.03897281,45.59799373,36.25964884,32.13647046,17.34214591,17.83826133,33.26296598,47.9515215,47.86867769,
Colombia,7.228097874,6.565207095,8.506604151,4.686529325,6.575453326,9.432766168,8.017971196,7.332431344,6.364404135,3.678660325,2.970495276,3.847870649,5.019994328,4.51731246,
Comoros,1.266092441,1.582735114,1.716053742,1.749778399,1.593404987,1.63839448,1.906230295,1.808800093,1.976247919,2.465839676,2.514069815,2.380138404,1.463851416,1.234932623,
Cabo Verde,0.449184342,0.506133366,0.482749306,0.536358067,0.4709535,0.475255783,0.590399303,0.572546566,0.642651488,0.799397011,0.807028209,0.711996309,0.369149185,0.314361652,
Costa Rica,1.35321196,1.470845979,1.317363509,1.191545721,1.642811293,1.247207404,1.194530784,1.251901416,1.372697662,1.147252451,1.25248215,1.171145398,0.961352136,0.753766206,
Caribbean small states,7.884228298,7.171086694,7.528095695,6.40905474,7.392339894,8.911414437,9.026224792,8.168379985,6.21458621,3.391276093,3.559509696,4.478049963,5.209885092,3.179653126,
Cuba,3.674230951,6.197356078,3.021040678,1.59152436,2.586859644,2.96423821,2.215225204,1.742468684,1.66197782,0.692245052,0.443219982,0.654400387,1.057296029,,
Curacao,,,,,,0,0,0,0,0,0,0,0,0,
Cayman Islands,0,0,0,0,0,0,0,0,0,0,0,0,0,,
Cyprus,0.000588069,0.006460085,0.004556224,0.018617948,0.039228858,0.061838886,0.062256116,0.041853667,0.032624332,0.019967407,0.001217019,0.005450672,0.004732069,0.000985649,
Czech Republic,0.766777285,0.696645022,1.53656583,0.707189799,0.979585756,1.092892551,0.658183534,0.392345354,0.349018022,0.309695938,0.317141676,0.36831707,0.401836824,0.42212108,
Germany,0.16641048,0.171367374,0.299708346,0.159864138,0.197303265,0.228194203,0.165074608,0.122616914,0.099140818,0.075511768,0.06541009,0.068516309,0.084988373,0.10070778,
Djibouti,0.616385692,0.523310117,0.790439022,0.743212074,0.838156181,0.88846349,0.893774805,0.522615829,0.788997555,0.66101077,0.484684965,0.573706699,0.265248181,0.287104946,
Dominica,0.028699255,0.027089422,0.026134773,0.021989882,0.049137559,0.041230433,0.04133195,0.04922309,0.065171168,0.047444635,0.060258408,0.056112341,0.034687942,0.031705342,
Denmark,1.911960345,1.661522213,2.043319633,1.212710318,1.430058073,1.795030766,1.677861434,1.268627599,1.015669776,0.534416293,0.362658816,0.511575585,0.634213587,0.477512026,
Dominican Republic,1.606234311,2.528048004,0.234147046,0.123503913,0.172400177,0.340146013,0.446722351,1.024973494,1.037472701,0.535347858,1.281943514,1.035506531,0.86860519,0.358710939,
Algeria,34.41216139,32.46493369,34.25249016,24.53419146,26.28289197,31.05280544,30.04012861,27.80151957,24.15405085,15.85764042,12.03248247,14.30879578,18.47412871,16.42406406,
East Asia & Pacific (excluding high income),6.135066641,6.820970448,9.571967649,4.40295324,6.308570639,7.633555262,4.509996295,3.448056388,2.787580735,1.561736768,1.343994732,1.671786079,1.921718953,1.55247763,
Early-demographic dividend,12.36957431,11.42225647,13.90642931,8.085680668,9.366394159,11.73983245,10.83853041,9.741068894,8.294768531,4.491307759,3.833368628,4.710591109,5.822373422,4.241018063,
East Asia & Pacific,2.519963378,3.14319512,4.765319517,2.329860079,3.519208976,4.403804037,2.740713223,2.347947333,1.972200794,1.179666091,1.048182244,1.333669432,1.544111046,1.315295328,
Europe & Central Asia (excluding high income),11.85805604,10.74233507,12.83914224,9.51839954,10.50709628,12.7742278,11.36211816,9.783230724,8.837336159,5.93195952,5.021752549,6.723680711,9.869084026,8.186670083,
Europe & Central Asia,1.899646066,1.861940587,2.497266041,1.646642285,2.06296747,2.722509966,2.618516524,2.263825052,1.879513154,1.143347451,0.927098254,1.300443553,1.814696205,1.615779473,
Ecuador,18.85995457,17.04043057,18.82072744,9.206767559,11.86717984,16.14121868,14.32325172,13.09617754,11.58798033,4.785458165,3.716564157,5.442679387,7.575133498,6.955006178,
"Egypt, Arab Rep.",14.93169751,13.24877476,15.23694672,9.019588141,9.005386494,12.48689963,10.93445298,9.974331685,8.374982608,4.178824435,3.06112559,5.458673242,7.108793011,4.978457272,
Euro area,0.167701125,0.171312778,0.232936725,0.158550671,0.185842983,0.226170089,0.215225976,0.188570984,0.146468079,0.102689335,0.084283011,0.096786313,0.115999867,0.078273875,
Eritrea,2.819421299,3.96277102,4.284507803,2.401739369,2.521877066,26.95622838,,,,,,,,,
Spain,0.043998843,0.052059185,0.065410892,0.035549201,0.059148553,0.066214183,0.073930129,0.063364121,0.061045672,0.047946213,0.042778209,0.053003049,0.061890472,0.046682562,
Estonia,0.759636852,0.788229376,1.207596134,1.21566648,1.904732447,2.57959308,2.12907779,1.595850935,1.422271278,1.145025253,1.084081014,1.350911596,1.351476781,1.142607968,
Ethiopia,18.82885483,21.91153683,18.77038336,16.42823423,15.8141144,17.41967721,14.90051602,13.90963181,13.37767232,12.19036608,11.23162848,9.912046278,5.888539241,4.375715305,
European Union,0.292211134,0.289539321,0.401932824,0.24933185,0.321201253,0.392945253,0.342951713,0.281120271,0.221813937,0.161318656,0.136037933,0.164582514,0.189593831,0.174182378,
Fragile and conflict affected situations,28.2368567,25.19748505,27.91400971,16.5255978,19.21188937,24.50289654,22.51927079,19.29466488,15.91431296,10.70655693,10.38452947,14.41544038,17.54795743,15.20120081,
Finland,0.371331968,0.415219035,0.388790991,0.334505225,0.469623074,0.496816656,0.529922442,0.44635571,0.430047237,0.413878313,0.431756888,0.432872548,0.530894235,0.40105379,
Fiji,0.966359775,0.70948131,0.880454237,1.175883027,2.208832941,1.945296497,2.029412232,1.350101264,1.166255345,1.040825065,1.100627511,1.248243452,1.214518215,0.773831394,
France,0.049120433,0.051907512,0.055475564,0.051659485,0.056243334,0.055280919,0.05034223,0.048157685,0.048920398,0.041049665,0.041454857,0.036423154,0.041691899,0.035148217,
Faroe Islands,0,0,0,0,0,0,0,0,0,0,0,0,0,,
"Micronesia, Fed. Sts.",0.012487273,0.018908833,0.031993485,0.028911568,0.027273282,0.035425434,0.02804107,0.026521777,0.040600328,0.032192135,0.036049623,0.038531974,0.016321881,,
Gabon,40.64484571,38.59501331,45.48212156,27.27249765,33.42426082,37.68573244,37.93129898,32.43019441,26.77363516,12.47895127,11.56575205,18.83700311,23.15290825,20.85647216,
United Kingdom,0.957143893,0.895680966,1.306877472,0.876236049,0.984287029,1.150654897,0.946143229,0.763035963,0.589847905,0.331668096,0.281569187,0.425017066,0.669601495,0.590432563,
Georgia,0.974836429,0.922982349,0.76447864,0.77671855,1.362163845,1.911478119,1.085822012,0.798404617,0.512591311,0.55624032,0.595585186,0.492220986,0.474382778,0.117472442,
Ghana,7.608871067,8.842570593,9.200943706,10.82370295,10.13288705,16.28886432,16.05074604,11.12770172,12.92896787,10.89419915,8.888249231,10.98748959,10.19737868,7.786530408,
Gibraltar,,,,,,,,,,,,,,,
Guinea,17.785692,16.29330515,15.22396548,15.58553331,15.29208035,18.19915311,16.61728799,14.15081494,14.93195431,14.1138586,18.10722009,19.0135928,15.73475331,4.111267362,
"Gambia, The",2.729611757,3.040932377,3.184892886,3.297498467,3.030324075,4.466917622,5.776649294,5.723102003,5.240780429,5.558881778,6.56372737,6.669622116,2.554687642,2.316935109,
Guinea-Bissau,13.36373112,16.72343629,15.98064891,17.19744802,14.93073249,13.24832759,17.09524264,16.77539518,18.6987839,19.87141771,18.70276862,16.07942514,9.478576026,8.61026418,
Equatorial Guinea,56.08154742,49.68396583,47.82716915,29.9268538,37.97265094,41.51956875,39.71861296,34.90695319,28.99214533,17.98058014,16.12118474,23.47863006,30.02263514,30.91015331,
Greece,0.189981691,0.322968525,0.34863922,0.121496498,0.272595095,0.357096766,0.232895931,0.159771614,0.118982009,0.068717082,0.088465474,0.103263241,0.126715463,0.105905612,
Grenada,0,0,0,0,0,0,0,0,0,0,0,0,0,0,
Greenland,0.809512759,0.672343417,0.844947976,0,0,0.114611409,0.353875743,0.019093587,0,0,0,0,0,,
Guatemala,2.139356294,1.95176319,1.977945748,1.609577718,2.606451304,2.796902292,2.136036374,2.083646803,2.970493863,1.788112322,2.024411252,1.516857142,1.206908311,1.222665196,
Guam,0,0,0,0,0,0,0,0,0,0,0,0,0,,
Guyana,9.706352267,10.80752401,10.36355224,10.71584199,14.59220279,16.32057843,16.52635441,13.66871257,10.79657012,8.564432501,16.09007902,13.17215161,6.550404021,4.005377814,
High income,1.844517058,1.784902675,2.545780501,1.364400104,1.814234044,2.444995671,2.219874074,2.088360928,1.812195602,0.96619333,0.849366197,1.10605426,1.472873744,1.297764189,
"Hong Kong SAR, China",0.000665685,0.000902725,0.001459213,0.001390459,0.001438995,0.001684833,0.001329432,0.001143912,0.001567322,0.001125736,0.00121753,0.001336931,0.000660134,0.000558548,
Honduras,1.935992617,1.658696788,1.203502428,1.162857106,2.362610618,1.701135547,1.624423273,1.631684101,2.260907563,1.568462312,2.01538064,1.745182966,1.10446985,0.938519128,
Heavily indebted poor countries (HIPC),12.42470136,13.08911714,14.00624509,10.46015012,11.66428307,14.36769691,12.22734789,10.74069211,10.09373597,8.048232624,8.46627208,9.373018015,7.867826696,5.722509184,
Croatia,1.042101206,0.996151992,1.125183886,0.989318273,1.049843137,1.383427707,1.305016078,1.156985503,0.903655768,0.694377569,0.534789281,0.718068954,0.792338307,0.688530832,
Haiti,0.481485207,0.412533929,0.403512628,0.347261218,0.677029404,0.526060611,0.492604764,0.556670942,0.714675342,0.572188967,0.806766351,0.699069631,0.450263748,0.465654747,
Hungary,0.544111329,0.471975977,0.638041777,0.51892226,0.543327705,0.697803918,0.642447248,0.517336716,0.39971111,0.281004931,0.229563621,0.297285855,0.367596981,0.323754142,
IBRD only,9.009800178,8.736334461,10.98993647,6.080396128,7.575415497,9.178018689,7.355050574,6.22924563,5.189652879,2.850184948,2.484393559,3.189274634,3.911636051,3.079703165,
IDA & IBRD total,9.258897311,8.957279471,11.16072401,6.278962617,7.761296244,9.409336521,7.568143821,6.414908155,5.382417787,3.019950524,2.658603006,3.38364174,4.065457232,3.193859026,
IDA total,12.38423148,11.88456533,13.4774069,8.940279649,10.38662771,12.8437906,10.71766716,9.041570452,8.020090204,5.193748387,4.973365961,6.137928047,6.25632337,4.781674537,
IDA blend,13.32122205,12.3338115,14.55544396,9.038457183,11.11674469,14.12290434,12.40996854,9.964251153,8.343771973,4.489534242,3.943320167,5.91864386,7.733312425,6.345035376,
Indonesia,9.291362178,9.908863626,11.29533843,6.688711565,7.070380615,8.397391255,6.048981834,5.518884924,4.765234443,3.116901829,2.626529135,3.096569825,4.463613028,2.943075535,
IDA only,11.39998539,11.43240916,12.34503781,8.848958432,9.670297237,11.53183311,8.867291615,8.065659761,7.67675811,5.905594979,5.931568734,6.324758736,5.024774976,3.492503393,
Isle of Man,0,0,0,0,0,0,0,0,0,0,0,0,0,,
India,3.936968285,4.457773677,7.100894043,3.383993431,4.443014279,5.306815147,4.009669884,3.627618671,2.793775459,1.764172696,1.729645283,1.962666427,2.23321722,2.006413418,
Not classified,,,,,,,,,,,,,,,
Ireland,0.312859651,0.288215361,0.041817554,0.048932197,0.101898991,0.093888659,0.055036661,0.034283704,0.032506999,0.017802752,0.070543258,0.123243765,0.136799104,0.023766133,
"Iran, Islamic Rep.",34.74638718,28.37554166,33.20961416,19.91757948,23.10421573,28.20580694,23.43933298,27.58180503,27.49912247,15.81645541,13.66729027,18.17442072,23.64641161,,
Iraq,64.85899519,53.52091918,55.53534547,38.60991177,42.7269461,50.52391168,49.18893145,44.86024309,44.5976822,34.2467187,30.46067959,36.2850449,45.03486007,39.79921168,
Iceland,0,0,0,0,0,0.000382766,0.000359865,0.000368072,0.000349275,0.000301799,0.000276067,0.000218677,0.000190425,0.000117414,
Israel,0.09905713,0.130441434,0.404043138,0.316836248,0.169498768,0.307581504,0.296059986,0.329848101,0.303025415,0.246481302,0.163437957,0.150501061,0.186586815,0.093395506,
Italy,0.129016359,0.122512209,0.147575194,0.095120209,0.120885026,0.167117955,0.182342588,0.163563984,0.142323328,0.081836473,0.048940865,0.068196967,0.103771522,0.08904222,
Jamaica,2.665880089,2.880533467,1.950769931,1.292928758,1.42633119,1.72517721,1.336959662,1.301885429,1.345293745,1.266112454,1.220533261,1.349621725,1.461882117,0.140914731,
Jordan,0.454122806,0.763797726,5.647978406,3.871143619,1.664130542,3.327721468,2.918406584,1.285512607,1.202610025,1.400035893,1.1228606,0.869333532,0.718264601,0.034886206,
Japan,0.018418384,0.021804507,0.024476917,0.01982152,0.019286768,0.021232249,0.020154049,0.023126909,0.026013885,0.028211418,0.027082357,0.037551762,0.03595472,0.088973515,
Kazakhstan,29.17964849,26.57352278,32.00883622,20.87568051,24.21193664,27.19230633,23.39118345,19.20405043,17.61358276,9.55269289,11.50062282,15.67451643,21.7844822,17.62452902,
Kenya,2.950418509,3.633898494,3.638868734,3.712635241,3.015425034,3.255771349,3.223570259,2.944415255,2.910675496,2.960045209,2.868836932,2.411873633,1.326671305,1.052401686,
Kyrgyz Republic,1.839364946,1.077092058,4.289209446,4.450464911,9.863681684,10.24559861,3.627945354,5.74724014,4.077774613,4.336878115,5.642579537,8.757812283,4.652792475,0.552836123,
Cambodia,1.806869951,2.24551946,3.099840616,2.862780067,2.695956615,3.050561909,2.293983506,1.902926337,2.548770799,1.817686573,1.848763039,1.939723525,0.872103587,0.683881415,
Kiribati,0.03380181,0.043302368,0.070983508,0.073149333,0.062338136,0.073192876,0.058389845,0.055213896,0.087994189,0.07292428,0.082690196,0.093406453,0.041513572,0.038354412,
St. Kitts and Nevis,0,0,0,0,0,0,0,0,0,0,0,0,0,0,
"Korea, Rep.",0.019733806,0.023980484,0.041993548,0.035771813,0.032123172,0.033507277,0.045904419,0.02764891,0.024329381,0.018425354,0.018799025,0.022206689,0.021995292,0.099287689,
Kuwait,53.33002923,49.27242662,54.21943825,40.24720024,49.33749565,58.98281168,54.85021065,52.96181852,50.94358411,37.05523006,32.10488991,36.60371131,44.6634722,42.65632119,
Latin America & Caribbean (excluding high income),5.469902494,5.246822786,5.744125449,3.260248104,4.372135879,5.428299649,4.940080273,4.547549448,3.891787601,2.239396324,2.166470841,2.654950663,3.405428847,2.812082256,
Lao PDR,13.28679935,13.21602411,13.02590236,10.59969409,14.82148845,15.26435563,12.11278345,12.55923108,8.13646053,5.53855992,4.385177722,5.037146351,3.961483629,2.788377619,
Lebanon,0.001624003,0.00137814,0.001896636,0.001909543,0.001880799,0.001934982,0.00182191,0.001544904,0.002290985,0.002287824,0.001371395,0.001983867,0.000935282,0.001200948,
Liberia,17.64858751,21.57702701,21.767383,22.07774912,18.36466184,23.27221202,27.37969117,29.1849306,26.86056724,19.75276888,20.85563015,22.14243765,14.04688932,12.43150032,
Libya,67.91760941,61.27464599,64.50111215,49.87449074,57.2098678,51.61651517,63.83760443,53.01907564,42.5084231,27.28717784,21.48315193,37.6490968,43.35794298,44.63783551,
St. Lucia,0.011003542,0.010776587,0.010641917,0.009930114,0.021393996,0.017173383,0.016416211,0.019327595,0.025358972,0.018653969,0.02423865,0.018845543,0.011838857,0.011028847,
Latin America & Caribbean,7.258016464,6.788703093,7.223900251,4.019049752,5.190249902,6.504368113,5.832521128,5.348860303,4.539633484,2.281635339,2.165379967,2.731426407,3.469974941,2.731015923,
Least developed countries: UN classification,15.5142759,16.36981186,19.82803537,11.91172587,13.86114423,16.16855576,13.22079722,11.71618528,10.19207503,6.764612137,6.674556967,7.675963356,7.242840127,5.381629948,
Low income,19.19723689,18.44520537,21.47763872,14.49368265,15.78696848,19.15564128,13.55691412,12.84548784,12.14871052,9.316822834,10.33813688,11.25147597,8.84318008,6.188924204,
Liechtenstein,0.008422648,0.009432347,0.010923511,0.009786685,0.009240635,0.008170656,0.006552387,0.005293184,0.005992884,0.001941109,0.002149171,0.001837793,0.003112866,,
Sri Lanka,0.164174282,0.196497794,0.168491008,0.15402492,0.187351776,0.167906374,0.140422702,0.113822997,0.110981946,0.123390773,0.129035432,0.096005308,0.068919772,0.073673388,
Lower middle income,11.19292411,10.74264195,13.57288269,7.820554139,9.067422682,11.28326986,9.495811664,8.468762989,7.260932217,4.090203291,3.527279437,4.491457179,5.15714309,3.457188746,
Low & middle income,9.045644866,8.852216418,11.19112544,6.293523908,7.776928148,9.376684583,7.518382363,6.357075599,5.34456227,3.046542556,2.683644881,3.405726633,4.104748064,3.250218551,
Lesotho,3.068619055,4.940990925,5.480211831,5.805746309,3.873272592,3.829273385,4.601017977,4.97825945,5.458704871,6.184519147,7.083943898,6.028952798,3.275500887,3.048866848,
Late-demographic dividend,8.952528048,8.693360758,10.99648551,6.105434833,7.880361618,9.675671981,7.539793659,6.330041804,5.306311671,3.001957338,2.522905747,3.174370552,3.96826679,3.400801379,
Lithuania,0.540027831,0.477329909,0.424085356,0.394266889,0.536748506,0.559280656,0.510012664,0.451110823,0.433296635,0.3549815,0.3484224,0.406779489,0.365901188,0.365548523,
Luxembourg,0.021142794,0.033415118,0.185500816,0.176403598,0.077032863,0.114764594,0.131111455,0.06915318,0.0532137,0.012654971,0.010678412,0.009819169,0.012951238,0.010786256,
Latvia,1.166099113,0.955209869,0.657983625,0.842679129,1.222136822,1.187777126,1.28772559,1.047495292,1.044401192,0.971074416,1.011051818,1.169719005,0.980535706,0.978907862,
"Macao SAR, China",0.000766671,0.000921428,0.001355093,0.001228154,0.000909907,0.000922345,0.000636896,0.000518062,0.000701172,0.000671455,0.000776325,0.000807176,0.000375846,0.000348657,
St. Martin (French part),,,,,,,,,,,,,,,
Morocco,1.173619159,1.479636798,6.013655065,4.046694316,2.679945574,4.339653587,4.688904668,2.654636823,2.250212794,2.443517618,2.155462547,1.862651191,1.368150787,0.320599016,
Monaco,0,0,0,0,0,0,0,0,0,0,0,0,0,,
Moldova,0.202317817,0.199004104,0.218667576,0.202606505,0.138982765,0.17324646,0.172639648,0.284722031,0.305678877,0.329729603,0.268938639,0.260945348,0.252731905,0.226539993,
Madagascar,5.624599583,6.434247427,5.809365623,6.879038663,5.808445183,5.895025363,6.680621448,6.754049568,7.24436896,8.61530173,8.775705333,7.653836669,4.771364184,3.785326214,
Maldives,0.005008544,0.007331721,0.005554853,0.005294075,0.008965944,0.009071134,0.007473313,0.005226976,0.005174962,0.005869166,0.006633302,0.005250711,0.002584545,0.002718763,
Middle East & North Africa,33.52146497,30.05131472,34.50953869,22.02763583,25.88503467,32.06077772,31.01778291,29.19648402,26.21600853,15.3982819,12.60674459,16.10225746,20.403763,17.66490249,
Mexico,6.144046874,5.627407685,6.490457907,4.040540956,4.887636382,6.787371394,6.391181331,5.538771886,4.575921247,2.178293329,1.938478679,2.483731485,2.963609448,2.204601435,
Marshall Islands,0,0,0,0,0,0,0,0,0,0,0,0,0,,
Middle income,8.868452826,8.68722879,11.03084991,6.159426606,7.655156608,9.243565705,7.439889295,6.270191206,5.249080157,2.953937804,2.580732441,3.306666445,4.04648734,3.214753389,
North Macedonia,2.759436428,6.251004744,3.107751815,1.434168039,2.60239274,2.816859107,1.787826575,1.102782976,1.156926112,0.911213135,0.849102083,1.266076839,0.998362056,0.695813778,
Mali,7.416661778,7.873041578,6.94774262,8.64167563,7.669752347,8.910008413,11.84086908,8.262523799,7.090427686,7.388938214,8.930970101,7.760572883,7.499544457,1.794503322,
Malta,0,0,0,0,0,0,0,0,0,0,0,0,0,0,
Myanmar,13.47794832,11.87907972,10.24295742,7.374392043,5.872603726,6.795689324,6.197392502,6.184931731,7.790661134,6.481487634,5.808105799,6.821223342,6.439394686,4.728657945,
Middle East & North Africa (excluding high income),30.63186879,26.89400161,31.10514475,19.25202808,21.83899119,25.62012798,24.69128673,23.6011784,21.36156916,12.48629906,10.56728396,15.00912845,18.88167574,15.50797272,
Montenegro,1.023553568,0.952330492,1.507761203,0.380124146,1.149622391,1.467897648,0.951842344,0.68156989,0.768173597,0.721398982,0.820769566,1.336928445,1.245240013,0.951860345,
Mongolia,28.36251755,27.44752446,30.78255909,23.83090605,35.97524231,42.25757128,22.39092881,18.76380227,16.13940835,9.789107021,10.12097766,17.33782866,20.95465452,16.43087561,
Northern Mariana Islands,0,0,0,0,0,0,0,0,0,0,0,0,0,,
Mozambique,8.511926438,10.09854703,10.55598012,10.47756431,11.14473715,12.08232035,13.56797828,12.73038226,13.27876903,12.98765582,16.43751277,18.76886308,15.60633462,11.31412342,
Mauritania,22.41920602,30.16212109,32.79625983,16.83185119,28.8165813,25.94025424,19.18470089,15.41026221,11.85937251,5.204353415,7.143071503,7.951806533,4.37772283,12.8102553,
Mauritius,0.008164347,0.008379095,0.008571628,0.011411012,0.0068319,0.004651959,0.003730952,0.001845144,0.001260224,0.001171309,0.003784945,0.003545788,0.002380538,0.002062944,
Malawi,6.710022659,7.900747549,8.636568009,7.004049603,5.943147876,5.862811958,8.797520662,9.746823168,9.512740941,8.855925673,10.92441404,10.14230071,7.119257667,5.140455833,
Malaysia,13.24936431,12.86584876,13.74808044,10.19686137,9.440742612,9.986908227,9.675678238,8.761622378,8.675493876,6.71145829,5.086294753,6.267615354,8.16103182,6.261532228,
North America,1.354185091,1.285924514,2.226598747,0.881934197,1.05124449,1.398044629,0.91264234,0.87329706,0.728783106,0.242495356,0.338814539,0.504874602,0.783296583,0.673736244,
Namibia,2.717712206,5.923102466,2.280442631,1.955447693,2.425513782,2.102138917,1.729695267,1.17571137,1.652021749,1.885761273,2.617549571,3.396196058,1.939957798,1.165796627,
New Caledonia,,,,,,,,,,,,,,,
Niger,6.894931132,8.300750425,7.946482119,7.963595985,6.884379898,9.333295211,13.26158807,11.82721274,11.14465063,9.804303593,9.550652553,9.4836916,6.673743518,5.2019993,
Nigeria,17.97440202,16.54611759,19.00154388,11.34686667,14.7475269,19.49012777,16.82185319,13.01488766,10.6823995,5.064158511,4.809838365,8.605765405,11.45895187,9.197463072,
Nicaragua,1.579123374,1.542577297,1.240195919,1.175002619,3.256908765,3.69631285,3.577348856,3.428929169,3.117449133,1.826249403,2.42317909,1.819613247,1.321167567,1.288859026,
Netherlands,0.730552708,0.683246461,1.034474493,0.871167457,0.810732943,1.078673569,1.193916387,1.157928054,0.718293615,0.432116071,0.256004438,0.322220637,0.372942247,0.245961265,
Norway,11.35085776,9.950802618,12.30428546,8.747961596,8.897596321,10.97381485,10.32725408,8.833684413,7.89948001,5.333785795,4.123469193,5.893981337,8.104355084,6.975153704,
Nepal,1.081821161,1.356930746,1.074374009,1.004465136,1.471390722,1.272073565,1.105425767,0.957902224,0.977400668,1.063146872,1.193463813,0.809330304,0.478761673,0.480655833,
Nauru,,,,,0,0,0,0,0,0,0,0,0,0,
New Zealand,1.231584841,1.383422147,2.429994926,1.830995646,1.983353007,2.036452529,1.712699335,1.482771153,1.32930798,1.290506303,1.172152779,1.534230667,1.700829243,1.567834841,
OECD members,1.127485739,1.096749023,1.602249728,0.799973865,1.060668262,1.357802625,1.05647196,0.980283999,0.817668138,0.41231163,0.418387902,0.585101437,0.778176934,0.677293562,
Oman,45.2337738,41.68538344,40.72428876,33.17023905,39.65902838,49.94071546,46.52297689,44.98296711,39.47248022,23.97357637,19.76598514,23.38044638,28.99231092,26.67718639,
Other small states,18.84020698,17.7554066,20.43457585,15.13983445,18.56000981,23.72680729,23.04738754,21.2606688,18.51288024,11.67355543,8.640833699,10.34885334,12.72297522,11.57924553,
Pakistan,2.386179191,2.127252407,2.1008865,1.711926622,1.884956476,2.601692399,2.440613225,2.090435386,2.075650616,1.246643048,0.878400179,0.997158038,1.241405164,1.159997167,
Panama,0.127267315,0.117743566,0.109519194,0.14470192,0.234720292,0.26784498,0.26023136,0.194417781,0.203805372,0.13497609,0.126434787,0.12454428,0.105277665,0.07933032,
Peru,13.40358018,14.15299072,11.93488182,8.878281833,11.23502967,12.62383587,9.904764948,7.553187402,5.495311617,3.86737756,4.42015576,5.940092581,5.93932307,1.661050301,
Philippines,1.588888652,3.004121056,1.638418578,1.293361479,2.010545291,2.711504812,1.53547699,1.22809854,1.582532615,0.769548074,0.617305579,0.894708488,0.919484638,0.681587056,
Palau,0,0,0,0,0,0,0,0,0,0,0,0,0,0,
Papua New Guinea,27.85438742,23.21352767,25.51116985,19.23970842,20.8501007,17.53735117,11.82383228,7.42640286,10.5536476,11.66608378,11.33967621,12.8209197,13.85354433,10.04662811,
Poland,1.606165476,1.371749419,2.049070742,1.165162058,1.623102422,1.970780926,1.428048151,0.99165149,0.812636832,0.717581436,0.690835689,0.842814865,0.801875889,0.691824933,
Pre-demographic dividend,23.494871,22.70547397,26.95409101,16.67518075,20.19080145,25.34518868,22.71353492,19.48827857,17.12102397,10.54238945,10.50651992,14.01522331,16.70614497,13.86083394,
Puerto Rico,0,0,0,0,0,0,0,0,0,0,0,0,0,0,
"Korea, Dem. People's Rep.",,,,,,,,,,,,,,,
Portugal,0.273318134,0.26371229,0.211492161,0.105929221,0.18553083,0.173619602,0.203165697,0.137344979,0.146215498,0.135141094,0.14300662,0.163110722,0.172468969,0.152434049,
Paraguay,1.827695545,1.647348912,1.381190611,1.516351013,1.942256582,1.428812912,1.472470493,1.443227589,1.510450959,1.598966632,1.818461379,1.643193519,1.427280883,1.238606291,
West Bank and Gaza,0,0,0,0,0,0,0,0,0,0,0,0,0,,
Pacific island small states,1.795659145,2.376514437,2.814049016,2.48702056,3.341768187,3.697631069,4.001377841,3.352415162,3.702474557,3.060304321,2.77630602,4.084766093,4.180784148,3.079709849,
Post-demographic dividend,0.928012956,0.919836061,1.434440486,0.689777715,0.89899503,1.132582689,0.835059441,0.785802408,0.651407822,0.328320636,0.354490289,0.49680653,0.677451534,0.614268845,
French Polynesia,,,,,,,,,,,,,,,
Qatar,38.98048739,35.58912453,35.85549719,29.38892241,33.70881381,40.64543655,37.41944848,34.90928323,30.5132191,19.93349784,15.27971289,18.4008396,22.19538209,20.72427195,
Romania,2.137866603,1.654832073,2.087901181,1.530268973,1.792765319,2.386893749,2.337225311,1.866343326,1.485064524,0.963373196,0.661252303,0.868077306,1.048945689,0.847978419,
Russian Federation,18.94699677,16.53265247,18.73145331,15.00791397,15.54978944,17.5953572,15.57223212,13.67075062,12.91419628,10.04341165,8.609495518,10.50935633,15.2888622,13.09823273,
Rwanda,5.293576029,6.222638459,8.301890362,6.93039997,6.483131364,6.988962269,6.381235494,6.343443974,6.436354558,5.753198872,5.973672412,6.105519714,4.508670565,3.182433948,
South Asia,3.466123602,3.904465917,5.895373345,2.956803363,3.863206814,4.617393257,3.540645588,3.152944806,2.494106595,1.586708914,1.506631613,1.703863114,1.929411225,1.741100251,
Saudi Arabia,52.26241234,48.5434855,55.52330873,35.46307004,42.15130014,51.16871557,49.00707497,45.75482474,40.94760749,24.10706865,19.87896068,23.93052634,29.66250967,24.80626442,
Sudan,17.01936153,18.31487907,23.01277633,11.99611652,15.89585193,23.92174851,8.12899027,8.845480878,6.452832651,3.46480381,5.482649911,7.391321564,6.058703443,5.841586736,
Senegal,1.967921205,2.257102549,3.055516974,3.811980073,2.951819752,3.629626782,4.798574997,3.338852254,3.131556381,3.491946114,3.97649643,3.233063603,2.765830912,1.294240966,
Singapore,0.000323626,0.000395166,0.000620723,0.000577563,0.000453217,0.000514112,0.000393118,0.00033563,0.000490477,0.000382738,0.000423974,0.000454651,0.00018857,0.000167682,
Solomon Islands,12.250812,18.7052201,20.68827492,14.15373433,16.72027211,19.18925192,19.96914144,17.10793072,20.45057137,16.67728424,14.35352856,22.75289731,23.44053844,16.44571028,
Sierra Leone,9.427181358,12.25551584,11.61157957,12.26917423,10.52886611,10.98680188,9.756969443,7.185399998,8.02771244,10.57136024,14.67364453,14.88750461,8.205651761,13.20581355,
El Salvador,0.543464476,0.565857104,0.591889848,0.576957618,1.028742159,0.818950935,0.769149916,0.87734627,1.054789901,0.850742983,1.022170053,0.889181117,0.655778352,0.55728081,
San Marino,0,0,0,0,0,0,0,0,0,0,0,0,0,,
Somalia,,,,,,,,,,,,,,,
Serbia,1.513479777,1.550339241,2.825067146,1.280545532,2.530741875,3.228724939,2.707563251,2.008431373,1.750263704,1.245589443,1.060887242,1.331728896,1.392836201,1.213059662,
Sub-Saharan Africa (excluding high income),14.02085621,14.7033762,19.34681767,11.14305578,13.53982473,16.52928449,14.21827667,12.25246497,10.53300204,6.424978233,6.657056232,8.473528802,9.015380587,7.421593597,
South Sudan,,,62.69702163,36.42540807,45.76522175,57.19601292,7.420049122,18.10801936,26.01625393,11.1791739,,,,,
Sub-Saharan Africa,14.00520831,14.68899844,19.33158196,11.13503328,13.53042228,16.5180381,14.20911683,12.24316852,10.52523641,6.419690442,6.650933109,8.465704134,9.007108189,7.4149732,
Small states,16.29139941,15.49412462,17.87021192,13.40595698,16.47283575,21.22461934,20.6901163,19.09597029,16.53007393,10.17104036,7.727753367,9.345000865,11.48563044,10.17884667,
Sao Tome and Principe,2.684860789,3.621464945,3.51834389,3.509189975,3.974420691,3.821788317,3.813742734,3.252365755,3.045705164,3.412883358,3.27759289,3.215831032,2.235066732,1.759995075,
Suriname,13.40696601,14.45744511,15.89065608,11.36731199,22.20833442,31.66026474,29.00174858,20.86696949,13.36899019,5.586345553,15.92410936,22.49027155,22.63845689,7.729819453,
Slovak Republic,0.299233944,0.322523208,0.385850708,0.273927134,0.338640939,0.359988857,0.322755841,0.292824922,0.285124087,0.26276195,0.269081281,0.331410231,0.277579363,0.246206108,
Slovenia,0.211836148,0.23163804,0.396203862,0.208941011,0.304109715,0.366510706,0.257111754,0.208987384,0.265486533,0.263555917,0.27230744,0.268049768,0.264229723,0.232541898,
Sweden,0.434454036,0.638443269,0.635002335,0.327504371,0.729187444,0.777566203,0.463887249,0.375369039,0.290036054,0.296501285,0.325308231,0.361186553,0.420386869,0.391693948,
Eswatini,2.01731826,2.655691087,3.789049412,2.680978375,2.218148163,2.341290303,3.746150276,4.069762465,3.09438542,3.282255677,4.498302418,4.100124522,3.064026314,2.966415159,
Sint Maarten (Dutch part),,,,,,0,0,0,0,0,0,0,0,,
Seychelles,0.102807712,0.108712513,0.17845383,0.160955511,0.14695393,0.149746758,0.164339362,0.129367901,0.126515448,0.102871431,0.10352312,0.126550178,0.12411657,0.08588141,
Syrian Arab Republic,26.66385106,22.17784871,,,,,,,,,,,,,
Turks and Caicos Islands,0.001651895,0.001660992,0.001650921,0.001924121,0.0047019,0.003871362,0.003878644,0.004687362,0.005970285,0.004151309,0.005202018,0.004487994,0.002743188,0.002501561,
Chad,37.58739636,34.18348398,36.22900968,20.27967486,24.81900927,29.50045695,26.58872721,22.65199375,21.61840857,13.19320091,13.24666515,21.48331591,24.62018718,21.12286339,
East Asia & Pacific (IDA & IBRD countries),6.135795578,6.821611873,9.572780663,4.403371255,6.308940435,7.633906709,4.510204505,3.448205998,2.787691911,1.561799281,1.34404526,1.671836742,1.921775649,1.552463586,
Europe & Central Asia (IDA & IBRD countries),10.2025315,9.288262504,11.16078734,8.165807176,9.184320245,11.32649552,10.16954055,8.747879563,7.801004008,5.172493456,4.368081318,5.846316112,8.423701341,6.982696689,
Togo,8.400750616,10.56243712,15.21590473,14.73436346,11.30762831,17.92464467,20.98329272,15.49684255,13.3950716,12.72800872,12.10296703,10.36850414,6.175409135,3.222623695,
Thailand,2.820846068,2.818330281,3.707622915,2.608851503,2.684103034,3.249504728,3.111880966,2.733495118,2.84291001,2.088415417,1.595243156,1.75363965,2.155182181,1.631885026,
Tajikistan,0.86689742,0.845535301,0.918262415,0.714702831,1.157111001,1.708409514,1.552545992,1.150452272,2.028107044,2.326215851,3.666762275,4.087724477,4.54311493,2.791948511,
Turkmenistan,67.99776448,63.87939978,63.11057298,29.68757312,30.42059868,43.7902064,38.67352502,33.12342109,24.95697101,17.99602598,11.76969577,16.54882277,24.07172132,,
Latin America & the Caribbean (IDA & IBRD countries),7.575309366,7.008750533,7.480296205,4.174482158,5.347683197,6.68709865,6.004026377,5.508855229,4.672626989,2.372353512,2.260172224,2.839105488,3.601496439,2.798235252,
Timor-Leste,,,,,,,,,,81.94996236,42.20612572,45.17240836,73.24541475,45.3280051,
Middle East & North Africa (IDA & IBRD countries),30.83560613,27.05128249,31.29752872,19.38858808,21.99975693,25.81275232,24.87479506,23.80891353,21.55950527,12.61527637,10.6858509,15.18801007,19.12431254,15.50797272,
Tonga,0.036561269,0.048160734,0.055629223,0.054939998,0.048507618,0.047492006,0.039773069,0.039857025,0.051966984,0.042138997,0.047117914,0.053739672,0.040571636,0.032425526,
South Asia (IDA & IBRD),3.466123602,3.904465917,5.895373345,2.956803363,3.863206814,4.617393257,3.540645588,3.152944806,2.494106595,1.586708914,1.506631613,1.703863114,1.929411225,1.741100251,
Sub-Saharan Africa (IDA & IBRD countries),14.00520831,14.68899844,19.33158196,11.13503328,13.53042228,16.5180381,14.20911683,12.24316852,10.52523641,6.419690442,6.650933109,8.465704134,9.007108189,7.4149732,
Trinidad and Tobago,18.66838123,15.14048841,14.51089754,14.6513583,13.6165743,15.04988351,15.87232542,14.98405443,11.67614767,6.463061285,4.573401841,6.887895092,10.26450142,7.90580254,
Tunisia,5.346125287,5.682205991,9.636900398,6.764597738,5.998778304,6.526267006,6.889983865,5.962452954,4.638908142,2.403928254,2.025983986,2.487404736,2.73905649,2.170967922,
Turkey,0.339577402,0.391747016,0.609716249,0.381394769,0.533448364,0.665560563,0.52598999,0.415611311,0.333539774,0.214453625,0.19968534,0.240480917,0.35299551,0.314588049,
Tuvalu,0,0,0,0,0,0,0,0,0,0,0,0,0,0,
Tanzania,5.520091484,6.231794749,5.105963964,5.576172815,5.630513534,7.445807507,6.937816724,5.819566354,5.122843483,5.336143654,5.627180223,5.201841147,3.460390269,2.042944144,
Uganda,13.25196696,16.16407964,16.4379946,9.503264787,8.137235288,9.194903874,10.69060823,10.54909263,10.37146948,10.84130909,12.79539323,12.27052337,7.948563764,6.120056192,
Ukraine,5.036070218,5.894385925,8.398267188,5.404169872,7.600928851,8.499090731,5.15800672,4.361455431,3.815857156,2.689199011,2.397633065,2.837330809,2.552134505,1.819543568,
Upper middle income,8.030018118,7.953372147,10.19011337,5.578320862,7.160208977,8.568697025,6.773771727,5.595291796,4.626214446,2.586145704,2.259286649,2.915162546,3.701037741,3.138948385,
Uruguay,1.120200879,1.28420001,1.564224023,1.341725123,2.004365052,1.347643818,1.146405382,1.236370981,1.415509044,1.839183282,1.881746238,1.989776837,2.131082129,1.645426854,
United States,1.115904467,1.045537577,1.934145985,0.773599006,0.92230852,1.217504309,0.812409083,0.759413201,0.633023521,0.234698331,0.302547171,0.440484095,0.671772159,0.574733507,
Uzbekistan,33.80585866,29.27969965,34.51722522,24.31209567,16.7930357,21.04908807,19.19389924,17.11565011,11.80213894,7.572963995,6.252489378,10.92048538,17.98098781,8.794240143,
St. Vincent and the Grenadines,0.018085316,0.016459545,0.017016211,0.015764171,0.03528671,0.030051245,0.028325877,0.032995011,0.044910537,0.032552437,0.042885825,0.035291245,0.022570729,0.021437501,
"Venezuela, RB",30.78286145,24.97982331,24.51444812,11.0732008,12.42683809,22.85117748,17.90557665,17.21630486,11.83834403,,,,,,
British Virgin Islands,,,,,,,,,,,,,,,
Virgin Islands (U.S.),0,0,0,0,0,0,0,0,0,0,0,0,,,
Vietnam,12.31204391,11.87132018,14.18276147,7.990125666,9.925171486,12.04842211,9.87337406,8.335873671,7.160251374,4.206112896,3.355316244,4.075078414,4.554031956,3.366120266,
Vanuatu,0.655534398,0.76881033,0.947862019,0.846864477,0.79665333,0.818774115,0.764014393,0.70665653,0.934715198,0.784549066,0.802096382,0.901044368,0.617186466,0.499730784,
World,3.567959058,3.625399858,4.985313327,2.783965523,3.708963772,4.808132911,4.110410519,3.665883803,3.126268814,1.710970537,1.499604231,1.947572074,2.434673125,2.018889082,
Samoa,0.256301999,0.33238287,0.484963506,0.476381239,0.421173837,0.483401233,0.401122175,0.36497819,0.541403562,0.40255564,0.449301362,0.513176607,0.283458817,0.235281677,
Kosovo,0.799925402,1.093157528,3.176619491,1.149958601,2.371891663,2.348368387,0.973917095,0.525053668,0.50419603,0.33164878,0.385549527,0.546805581,0.549480977,0.399150684,
"Yemen, Rep.",41.59996379,33.4136824,33.95089384,20.49010716,23.31720439,26.02573454,19.11955728,13.64199449,11.04625855,2.105148678,0.797529573,1.999360037,4.438044545,5.443762629,
South Africa,4.954881749,6.133018048,11.89533254,4.960026727,6.599006833,7.219680248,5.799512325,5.454298726,4.154429994,2.738260301,3.504943762,3.636468208,3.598190357,3.940368676,
Zambia,19.2015971,21.78744301,16.05254235,16.7968716,18.66471896,17.42349636,13.56660996,11.96607648,10.83610735,11.16358183,11.680386,13.30456068,11.30775686,6.43414035,
Zimbabwe,11.49606586,15.56312079,18.23661585,6.819999206,7.110931566,8.040001219,5.96568243,5.018301046,5.531514109,4.561980836,4.473632275,4.844665118,4.363782166,2.503214874,
